received_time	person_id	latitude	longitude
5/2/2026 12:29:49	SCRBS-4592	30.727556	-88.060323
5/2/2026 12:29:53	SCRBS-2933	29.882182	-95.275014
5/2/2026 12:30:31	SCRBS-2149	29.555949	-98.650926
5/2/2026 12:52:29	SCRBS-4066	32.865201	-97.051707
5/2/2026 13:34:32	SCRBS-1689	32.516663	-96.51708
5/2/2026 13:34:50	SCRBS-0183	29.906102	-95.634572
5/2/2026 13:45:02	SCRBS-4761	30.947127	-88.26841
5/2/2026 14:05:00	SCRBS-3920	30.528024	-91.361667
5/2/2026 14:06:18	SCRBS-3109	29.836594	-95.30632
5/2/2026 14:06:36	SCRBS-1679	29.635191	-98.586603
5/2/2026 14:08:59	SCRBS-0819	29.783338	-95.579169
5/2/2026 14:09:49	SCRBS-0129	30.458575	-91.466628
5/2/2026 14:12:41	SCRBS-2540	29.57839	-98.245008
5/2/2026 14:12:48	SCRBS-4054	29.659099	-98.378206
5/2/2026 14:12:57	SCRBS-0538	30.482747	-90.924246
